sample_index,pad_x_m,pad_y_m,pad_z_m,tibia_x_m,tibia_y_m,tibia_z_m,distance_to_silicone_surface_m,silicone_winding,classification,occupied_visual_indices,uncertain_visual_indices,aabb_hits,distance_lower_bound_to_other_cad_solids_m
4,0.19208877719938755,-0.002187499776482582,0.014360553002916276,-0.10807902643781375,0.15943504627570526,-0.01607288072863316,0.0025625000707805157,-1.766974823035287e-17,occupied,[2],[],1,0.0
6,0.19209256023168564,0.0010000001639127731,0.014318773057311773,-0.10804451521735138,0.15945901669331536,-0.019260379770193844,0.005750000011175871,4.417437057588218e-18,occupied,[2],[],1,0.0
7,0.19209562614560127,-0.002187499776482582,0.014459895202890038,-0.10816859167882945,0.15939152790771338,-0.016072883727004737,0.0025625000707805157,-8.834874115176436e-18,occupied,[2],[],1,0.0
8,0.19209634326398373,0.004187500104308128,0.01427699311170727,-0.108010003996889,0.15948298711092546,-0.022447878811754526,0.0025625000707805157,5.521796321985272e-17,occupied,[2],[],1,0.0
10,0.19209940917789936,0.0010000001639127731,0.014418115257285535,-0.10813408045836706,0.15941549832532348,-0.019260382768565423,0.005750000011175871,-1.1043592643970545e-17,occupied,[2],[],1,0.0
12,0.192102475091815,-0.002187499776482582,0.0145592374028638,-0.10825815691984512,0.15934800953972147,-0.016072886725376316,0.0025625000707805157,2.208718528794109e-18,occupied,[2],[],1,0.0
13,0.19210319221019745,0.004187500104308128,0.014376335311681032,-0.10809956923790467,0.15943946874293355,-0.022447881810126104,0.0025625000707805157,-6.6261555863823264e-18,occupied,[2],[],1,0.0
15,0.19210625812411308,0.0010000001639127731,0.014517457457259297,-0.10822364569938275,0.15937197995733157,-0.019260385766936998,0.005750000011175871,1.1043592643970545e-17,occupied,[2],[],1,0.0
18,0.19210932403802872,-0.002187499776482582,0.014658579602837563,-0.10834772216086079,0.15930449117172957,-0.016072889723747895,0.0025625000707805157,2.208718528794109e-17,occupied,[2],[],1,0.0
19,0.19211004115641117,0.004187500104308128,0.014475677511654794,-0.10818913447892035,0.15939595037494164,-0.022447884808497683,0.0025625000707805157,-1.766974823035287e-17,occupied,[2],[],1,0.0
22,0.1921131070703268,0.0010000001639127731,0.01461679965723306,-0.10831321094039842,0.1593284615893397,-0.019260388765308577,0.005750000011175871,3.3130777931911635e-17,occupied,[2],[],1,0.0
26,0.1921168901026249,0.004187500104308128,0.014575019711628556,-0.10827869971993603,0.15935243200694976,-0.022447887806869262,0.0025625000707805157,1.766974823035287e-17,occupied,[2],[],1,0.0
29,0.19211995601654053,0.0010000001639127731,0.014716141857206821,-0.1084027761814141,0.15928494322134779,-0.019260391763680156,0.005750000011175871,2.208718528794109e-17,occupied,[2],[],1,0.0
34,0.19212373904883862,0.004187500104308128,0.014674361911602318,-0.10836826496095171,0.15930891363895786,-0.02244789080524084,0.0025625000707805157,1.5461029701558764e-17,occupied,[2],[],1,0.0
36,0.19212508015334606,-0.002187499776482582,0.014224777813069522,-0.10797934781008992,0.15953412693888758,-0.01607287915351841,0.0025625000707805157,1.766974823035287e-17,occupied,[2],[],1,0.0
39,0.19212886318564415,0.0010000001639127731,0.01418299786746502,-0.10794483658962753,0.15955809735649767,-0.019260378195079093,0.005750000011175871,2.208718528794109e-18,occupied,[2],[],1,0.0
40,0.19213058799505234,0.004187500104308128,0.01477370411157608,-0.10845783020196739,0.15926539527096595,-0.022447893803612416,0.0025625000707805157,-4.417437057588218e-18,occupied,[2],[],1,0.0
43,0.19213264621794224,0.004187500104308128,0.014141217921860516,-0.10791032536916514,0.15958206777410774,-0.02244787723663978,0.0025625000707805157,2.4295903816735198e-17,occupied,[2],[],1,0.0
51,0.1921422779560089,-0.002187499776482582,0.014755031210370362,-0.10844777704385924,0.15928505168420992,-0.01607289408816626,0.0025625000707805157,2.208718528794109e-17,occupied,[2],[],1,0.0
57,0.19215290993452072,0.0010000001639127731,0.01481259346473962,-0.10850283106441254,0.15926550373382808,-0.01926039612809852,0.005750000011175871,2.208718528794109e-17,occupied,[2],[],1,0.0
62,0.19216138310730457,-0.002187499776482582,0.014089002623222768,-0.10787966918236605,0.15963320760206987,-0.016072877578403665,0.0025625000707805157,-5.521796321985272e-17,occupied,[2],[],1,0.0
64,0.19216354191303253,0.004187500104308128,0.01487015571910888,-0.10855788508496583,0.15924595578344627,-0.02244789816803078,0.0025625000707805157,-1.3252311172764653e-17,occupied,[2],[],1,0.0
66,0.19216516613960266,0.0010000001639127731,0.014047222677618265,-0.10784515796190368,0.15965717801967996,-0.019260376619964346,0.005750000011175871,2.208718528794109e-17,occupied,[2],[],1,0.0
67,0.19216894917190075,0.004187500104308128,0.014005442732013762,-0.1078106467414413,0.15968114843729003,-0.02244787566152503,0.0025625000707805157,-2.208718528794109e-17,occupied,[2],[],1,0.0
70,0.1921752318739891,-0.002187499776482582,0.014851482817903161,-0.10854783192685767,0.15926561219669022,-0.01607289845258462,0.0025625000707805157,-3.3130777931911635e-17,occupied,[2],[],1,0.0
73,0.19218586385250092,0.0010000001639127731,0.01490904507227242,-0.10860288594741098,0.15924606424630844,-0.019260400492516882,0.005750000011175871,2.6504622345529306e-17,occupied,[2],[],1,0.0
78,0.19219649583101273,0.004187500104308128,0.014966607326641679,-0.10865793996796426,0.1592265162959266,-0.022447902532449146,0.0025625000707805157,-4.417437057588218e-18,occupied,[2],[],1,0.0
80,0.19219768606126308,-0.002187499776482582,0.013953227433376014,-0.1077799905546422,0.15973228826525218,-0.016072876003288918,0.0025625000707805157,8.834874115176436e-18,occupied,[2],[],1,0.0
81,0.19220146909356117,0.0010000001639127731,0.013911447487771511,-0.10774547933417981,0.15975625868286228,-0.0192603750448496,0.005750000011175871,1.3252311172764653e-17,occupied,[2],[],1,0.0
83,0.19220525212585926,0.004187500104308128,0.013869667542167008,-0.10771096811371743,0.15978022910047232,-0.02244787408641028,0.0025625000707805157,-2.4295903816735198e-17,occupied,[2],[],1,0.0
85,0.1922081857919693,-0.002187499776482582,0.01494793442543596,-0.1086478868098561,0.15924617270917055,-0.016072902817002986,0.0025625000707805157,-1.3252311172764653e-17,occupied,[2],[],1,0.0
87,0.1922188177704811,0.0010000001639127731,0.01500549667980522,-0.10870294083040942,0.15922662475878877,-0.019260404856935247,0.005750000011175871,1.3252311172764653e-17,occupied,[2],[],1,0.0
93,0.19222944974899292,0.004187500104308128,0.015063058934174478,-0.10875799485096271,0.15920707680840693,-0.022447906896867507,0.0025625000707805157,2.208718528794109e-18,occupied,[2],[],1,0.0
96,0.1922339890152216,-0.002187499776482582,0.01381745224352926,-0.10768031192691833,0.15983136892843447,-0.016072874428174167,0.0025625000707805157,2.208718528794109e-17,occupied,[2],[],1,0.0
99,0.19223777204751968,0.0010000001639127731,0.013775672297924757,-0.10764580070645596,0.15985533934604457,-0.019260373469734852,0.005750000011175871,-1.3252311172764653e-17,occupied,[2],[],1,0.0
101,0.1922411397099495,-0.002187499776482582,0.01504438603296876,-0.10874794169285455,0.1592267332216509,-0.016072907181421348,0.0025625000707805157,-2.6504622345529306e-17,occupied,[2],[],1,0.0
106,0.1922517716884613,0.0010000001639127731,0.015101948287338018,-0.10880299571340785,0.15920718527126906,-0.019260409221353608,0.005750000011175871,-2.4295903816735198e-17,occupied,[2],[],1,0.0
118,0.1922702919691801,-0.002187499776482582,0.013681677053682506,-0.10758063329919448,0.15993044959161679,-0.01607287285305942,0.0025625000707805157,8.834874115176436e-18,occupied,[2],[],1,0.0
119,0.1922740936279297,-0.002187499776482582,0.015140837640501559,-0.10884799657585298,0.1592072937341312,-0.016072911545839712,0.0025625000707805157,-1.1043592643970545e-17,occupied,[2],[],1,0.0
126,0.19229130260646343,0.004187500104308128,0.01513953844550997,-0.1088551162784389,0.15922264343703477,-0.02244791233120337,0.0025625000707805157,-8.834874115176436e-18,occupied,[2],[],1,0.0
135,0.19231362454593182,0.0010000001639127731,0.01517842779867351,-0.10890011714088405,0.15922275189989693,-0.01926041465568947,0.005750000011175871,0.0,occupied,[2],[],1,0.0
143,0.1923359464854002,-0.002187499776482582,0.015217317151837051,-0.10894511800332918,0.15922286036275907,-0.016072916980175572,0.0025625000707805157,-2.6504622345529306e-17,occupied,[2],[],1,0.0
149,0.19235315546393394,0.004187500104308128,0.015216017956845462,-0.1089522377059151,0.1592382100656626,-0.022447917765539227,0.0025625000707805157,5.742668174864683e-17,occupied,[2],[],1,0.0
150,0.19235379993915558,0.004187500104308128,0.013607705594040453,-0.10755773470138123,0.16003947808589658,-0.02244787538479428,0.0025625000707805157,-1.766974823035287e-17,occupied,[2],[],1,0.0
160,0.19237547740340233,0.0010000001639127731,0.015254907310009003,-0.10899723856836024,0.15923831852852477,-0.01926042009002533,0.005750000011175871,1.987846675914698e-17,occupied,[2],[],1,0.0
166,0.192386319860816,0.0010000001639127731,0.013513710349798203,-0.10749256729411975,0.1601145883314688,-0.019260374768118847,0.005750000011175871,3.092205940311753e-17,occupied,[2],[],1,0.0
170,0.1923977993428707,-0.002187499776482582,0.015293796663172543,-0.10904223943080538,0.1592384269913869,-0.016072922414511432,0.0025625000707805157,0.0,occupied,[2],[],1,0.0
176,0.19241500832140446,0.004187500104308128,0.015292497468180954,-0.1090493591333913,0.15925377669429047,-0.02244792319987509,0.0025625000707805157,6.6261555863823264e-18,occupied,[2],[],1,0.0
177,0.19241883978247643,-0.002187499776482582,0.013419715105555952,-0.10742739988685829,0.160189698577041,-0.016072874151443418,0.0025625000707805157,1.766974823035287e-17,occupied,[2],[],1,0.0
185,0.19243733026087284,0.0010000001639127731,0.015331386821344495,-0.10909435999583643,0.15925388515715264,-0.01926042552436119,0.005750000011175871,-3.754821498949985e-17,occupied,[2],[],1,0.0
193,0.19245965220034122,-0.002187499776482582,0.015370276174508035,-0.10913936085828156,0.15925399362001474,-0.016072927848847292,0.0025625000707805157,3.975693351829396e-17,occupied,[2],[],1,0.0
199,0.19247686117887497,0.004187500104308128,0.015368976979516447,-0.10914648056086748,0.1592693433229183,-0.02244792863421095,0.0025625000707805157,2.4295903816735198e-17,occupied,[2],[],1,0.0
211,0.19249918311834335,0.0010000001639127731,0.015407866332679987,-0.10919148142331263,0.15926945178578045,-0.01926043095869705,0.005750000011175871,-2.208718528794109e-18,occupied,[2],[],1,0.0
212,0.1925023477524519,0.004187500104308128,0.013345743645913899,-0.10740450128904502,0.1602987270713208,-0.022447876683178273,0.0025625000707805157,6.6261555863823264e-18,occupied,[2],[],1,0.0
226,0.19253486767411232,0.0010000001639127731,0.013251748401671648,-0.10733933388178357,0.16037383731689303,-0.019260376066502844,0.005750000011175871,-4.1965652047088066e-17,occupied,[2],[],1,0.0
227,0.19253871403634548,0.004187500104308128,0.015445456490851939,-0.10924360198834368,0.15928490995154615,-0.02244793406854681,0.0025625000707805157,2.6504622345529306e-17,occupied,[2],[],1,0.0
234,0.19256738759577274,-0.002187499776482582,0.013157753157429397,-0.10727416647452209,0.16044894756246525,-0.016072875449827412,0.0025625000707805157,6.6261555863823264e-18,occupied,[2],[],1,0.0
236,0.19257179833948612,-0.002187499776482582,0.015446802484802902,-0.10926156171998147,0.1593131542659272,-0.016072936063085144,0.0025625000707805157,-2.208718528794109e-17,occupied,[2],[],1,0.0
252,0.19261132925748825,0.0010000001639127731,0.015484392642974854,-0.10931368228501254,0.15932861243169294,-0.0192604391729349,0.005750000011175871,2.208718528794109e-18,occupied,[2],[],1,0.0
271,0.19265086017549038,0.004187500104308128,0.015521982801146805,-0.10936580285004359,0.15934407059745864,-0.02244794228278466,0.0025625000707805157,-8.834874115176436e-18,occupied,[2],[],1,0.0
272,0.19265089556574821,0.004187500104308128,0.013083781697787344,-0.10725126787670884,0.16055797605674504,-0.02244787798156227,0.0025625000707805157,-3.533949646070574e-17,occupied,[2],[],1,0.0
279,0.19268341548740864,0.0010000001639127731,0.012989786453545094,-0.10718610046944736,0.1606330863023173,-0.019260377364886838,0.005750000011175871,-3.533949646070574e-17,occupied,[2],[],1,0.0
280,0.19268394447863102,-0.002187499776482582,0.015523328795097768,-0.10938376258168137,0.1593723149118397,-0.016072944277322993,0.0025625000707805157,-3.533949646070574e-17,occupied,[2],[],1,0.0
293,0.19271593540906906,-0.002187499776482582,0.012895791209302843,-0.10712093306218588,0.16070819654788948,-0.01607287674821141,0.0025625000707805157,-1.766974823035287e-17,occupied,[2],[],1,0.0
297,0.19272347539663315,0.0010000001639127731,0.01556091895326972,-0.10943588314671243,0.15938777307760543,-0.019260447387172752,0.005750000011175871,-3.092205940311753e-17,occupied,[2],[],1,0.0
312,0.19276300631463528,0.004187500104308128,0.015598509111441672,-0.10948800371174348,0.1594032312433711,-0.022447950497022508,0.0025625000707805157,8.834874115176436e-18,occupied,[2],[],1,0.0
321,0.19279609061777592,-0.002187499776482582,0.015599855105392635,-0.10950596344338126,0.1594314755577522,-0.016072952491560842,0.0025625000707805157,1.3252311172764653e-17,occupied,[2],[],1,0.0
324,0.19279944337904453,0.004187500104308128,0.01282181974966079,-0.10709803446437263,0.16081722504216928,-0.022447879279946265,0.0025625000707805157,-3.533949646070574e-17,occupied,[2],[],1,0.0
338,0.19283196330070496,0.0010000001639127731,0.012727824505418539,-0.10703286705711117,0.16089233528774152,-0.019260378663270836,0.005750000011175871,0.0,occupied,[2],[],1,0.0
340,0.19283562153577805,0.0010000001639127731,0.015637445263564587,-0.10955808400841233,0.1594469337235179,-0.0192604556014106,0.005750000011175871,-3.092205940311753e-17,occupied,[2],[],1,0.0
351,0.1928672268986702,-0.002187499776482582,0.012688581715337932,-0.10701655018279277,0.16094256613571212,-0.016072879642179252,0.0025625000707805157,-2.6504622345529306e-17,occupied,[2],[],1,0.0
356,0.19287515245378017,0.004187500104308128,0.01567503542173654,-0.10961020457344338,0.1594623918892836,-0.02244795871126036,0.0025625000707805157,1.766974823035287e-17,occupied,[2],[],1,0.0
367,0.19290823675692081,-0.002187499776482582,0.0156763814156875,-0.10962816430508115,0.1594906362036647,-0.01607296070579869,0.0025625000707805157,8.834874115176436e-18,occupied,[2],[],1,0.0
382,0.19294776767492294,0.0010000001639127731,0.015713971573859453,-0.10968028487011222,0.1595060943694304,-0.01926046381564845,0.005750000011175871,0.0,occupied,[2],[],1,0.0
383,0.19294799119234085,0.004187500104308128,0.012559857801534235,-0.10694480105203644,0.1610764740275935,-0.022447880578330262,0.0025625000707805157,-4.417437057588218e-17,occupied,[2],[],1,0.0
396,0.1929832547903061,0.0010000001639127731,0.012520615011453629,-0.10692848417771805,0.16112670487556413,-0.01926038155723868,0.005750000011175871,-2.6504622345529306e-17,occupied,[2],[],1,0.0
408,0.19301851838827133,-0.002187499776482582,0.012481372221373022,-0.10691216730339967,0.16117693572353475,-0.0160728825361471,0.0025625000707805157,2.6504622345529306e-17,occupied,[2],[],1,0.0
410,0.1930199097841978,0.004187500104308128,0.015736413188278675,-0.10973550341979092,0.15955737669831555,-0.022447968327727493,0.0025625000707805157,1.3252311172764653e-17,occupied,[2],[],1,0.0
411,0.1930203828960657,-0.002187499776482582,0.015752907725982368,-0.10975036516678105,0.15954979684957715,-0.01607296892003654,0.0025625000707805157,4.417437057588218e-18,occupied,[2],[],1,0.0
439,0.19309252500534058,0.0010000001639127731,0.01577534934040159,-0.10980558371645976,0.15960107917846236,-0.019260473432115583,0.005750000011175871,-4.417437057588218e-18,occupied,[2],[],1,0.0
442,0.19309928268194199,0.004187500104308128,0.012352648307569325,-0.10684041817264332,0.16131084361541614,-0.022447883472298105,0.0025625000707805157,-2.4295903816735198e-17,occupied,[2],[],1,0.0
452,0.19313454627990723,0.0010000001639127731,0.012313405517488718,-0.10682410129832495,0.1613610744633868,-0.019260384451206525,0.005750000011175871,-3.3130777931911635e-17,occupied,[2],[],1,0.0
462,0.19316466711461544,0.004187500104308128,0.015797790954820812,-0.10986080226613845,0.15965236150734755,-0.022447977944194626,0.0025625000707805157,3.754821498949985e-17,occupied,[2],[],1,0.0
463,0.19316514022648335,-0.002187499776482582,0.015814285492524505,-0.1098756640131286,0.15964478165860913,-0.016072978536503676,0.0025625000707805157,4.417437057588218e-18,occupied,[2],[],1,0.0
469,0.19316980987787247,-0.002187499776482582,0.012274162727408111,-0.10680778442400657,0.1614113053113574,-0.016072885430114946,0.0025625000707805157,2.208718528794109e-17,occupied,[2],[],1,0.0
491,0.1932372823357582,0.0010000001639127731,0.015836727106943727,-0.1099308825628073,0.15969606398749434,-0.019260483048582716,0.005750000011175871,1.3252311172764653e-17,occupied,[2],[],1,0.0
498,0.19325057417154312,0.004187500104308128,0.012145438813604414,-0.10673603529325022,0.1615452132032388,-0.022447886366265952,0.0025625000707805157,-3.533949646070574e-17,occupied,[2],[],1,0.0
511,0.19328583776950836,0.0010000001639127731,0.012106196023523808,-0.10671971841893184,0.16159544405120943,-0.019260387345174372,0.005750000011175871,-1.3252311172764653e-17,occupied,[2],[],1,0.0
519,0.19330942444503307,0.004187500104308128,0.01585916872136295,-0.109986101112486,0.15974734631637952,-0.02244798756066176,0.0025625000707805157,5.300924469105861e-17,occupied,[2],[],1,0.0
520,0.19330989755690098,-0.002187499776482582,0.01587566325906664,-0.11000096285947614,0.1597397664676411,-0.01607298815297081,0.0025625000707805157,1.1043592643970545e-17,occupied,[2],[],1,0.0
523,0.1933211013674736,-0.002187499776482582,0.0120669532334432,-0.10670340154461347,0.16164567489918005,-0.01607288832408279,0.0025625000707805157,0.0,occupied,[2],[],1,0.0
549,0.19338203966617584,0.0010000001639127731,0.015898104873485863,-0.11005618140915484,0.1597910487965263,-0.019260492665049853,0.005750000011175871,-1.766974823035287e-17,occupied,[2],[],1,0.0
555,0.19340186566114426,0.004187500104308128,0.011938229319639504,-0.10663165241385711,0.16177958279106142,-0.0224478892602338,0.0025625028311664134,1.766974823035287e-17,occupied,[2],[],1,0.0
563,0.1934371292591095,0.0010000001639127731,0.011898986529558897,-0.10661533553953875,0.16182981363903207,-0.019260390239142215,0.00575000038581712,4.417437057588218e-17,occupied,[2],[],1,0.0
572,0.1934541817754507,0.004187500104308128,0.015920546487905085,-0.11011139995883354,0.1598423311254115,-0.022447997177128892,0.0025625000707805157,3.3130777931911635e-17,occupied,[2],[],1,0.0
573,0.1934546548873186,-0.002187499776482582,0.015937041025608778,-0.11012626170582367,0.15983475127667304,-0.016072997769437943,0.0025625000707805157,-4.417437057588218e-18,occupied,[2],[],1,0.0
575,0.19347239285707474,-0.002187499776482582,0.01185974373947829,-0.10659901866522035,0.16188004448700266,-0.016072891218050635,0.0025625005436508324,0.0,occupied,[2],[],1,0.0
594,0.19352679699659348,0.0010000001639127731,0.015959482640028,-0.11018148025550238,0.15988603360555828,-0.019260502281516986,0.005750000011175871,-2.4295903816735198e-17,occupied,[2],[],1,0.0
613,0.19359893910586834,0.004187500104308128,0.015981924254447222,-0.11023669880518107,0.15993731593444346,-0.02244800679359603,0.0025625000707805157,-3.533949646070574e-17,occupied,[2],[],1,0.0
669,0.1938363928347826,-0.002187499776482582,0.015984576428309083,-0.11035753802198206,0.16014215124435172,-0.016073020113846745,0.0025625000707805157,4.417437057588218e-18,occupied,[2],[],1,0.0
678,0.19390853494405746,0.0010000001639127731,0.016007018042728305,-0.11041275657166076,0.1601934335732369,-0.019260524625925788,0.005750000011175871,-2.208718528794109e-18,occupied,[2],[],1,0.0
684,0.19398067705333233,0.004187500104308128,0.016029459657147527,-0.11046797512133946,0.1602447159021221,-0.02244802913800483,0.0025625000707805157,3.533949646070574e-17,occupied,[2],[],1,0.0
719,0.1942181307822466,-0.002187499776482582,0.016032111831009388,-0.11058881433814044,0.16044955121203036,-0.01607304245825555,0.0025625000707805157,-3.3130777931911635e-17,occupied,[2],[],1,0.0
733,0.19429027289152145,0.0010000001639127731,0.01605455344542861,-0.11064403288781915,0.16050083354091557,-0.01926054697033459,0.005750000011175871,0.0,occupied,[2],[],1,0.0
737,0.19436241500079632,0.004187500104308128,0.01607699505984783,-0.11069925143749784,0.16055211586980075,-0.022448051482413633,0.0025625000707805157,6.6261555863823264e-18,occupied,[2],[],1,0.0
758,0.19459986872971058,-0.002187499776482582,0.016079647233709693,-0.11082009065429883,0.160756951179709,-0.016073064802664353,0.0025625000707805157,-4.417437057588218e-17,occupied,[2],[],1,0.0
772,0.19467201083898544,0.0010000001639127731,0.016102088848128915,-0.11087530920397753,0.16080823350859422,-0.019260569314743396,0.005750000011175871,-2.4295903816735198e-17,occupied,[2],[],1,0.0
776,0.1947441529482603,0.004187500104308128,0.016124530462548137,-0.11093052775365624,0.1608595158374794,-0.022448073826822436,0.0025625000707805157,-1.5461029701558764e-17,occupied,[2],[],1,0.0
796,0.19494986161589622,0.004187500104308128,0.01614855695515871,-0.11105377839194244,0.16102595684296114,-0.022448085825734442,0.0025625000707805157,1.1043592643970545e-17,occupied,[2],[],1,0.0
798,0.19498160667717457,-0.002187499776482582,0.016127182636409998,-0.11105136697045723,0.16106435114738765,-0.016073087147073156,0.0025625000707805157,8.834874115176436e-18,occupied,[2],[],1,0.0
812,0.19505374878644943,0.0010000001639127731,0.01614962425082922,-0.11110658552013593,0.16111563347627286,-0.0192605916591522,0.005750000011175871,-1.3252311172764653e-17,occupied,[2],[],1,0.0
816,0.19515557028353214,0.004187500104308128,0.016172583447769284,-0.11117702903022866,0.16119239784844291,-0.02244809782464645,0.0025625000707805157,3.3130777931911635e-17,occupied,[2],[],1,0.0
831,0.19525945745408535,0.0010000001639127731,0.016173650743439794,-0.11122983615842214,0.16128207448175463,-0.019260603658064205,0.005750000011175871,6.6261555863823264e-18,occupied,[2],[],1,0.0
836,0.19536127895116806,0.004187500104308128,0.016196609940379858,-0.11130027966851488,0.16135883885392466,-0.02244810982355845,0.0025625000707805157,-2.4295903816735198e-17,occupied,[2],[],1,0.0
837,0.19536334462463856,-0.002187499776482582,0.016174718039110303,-0.1112826432866156,0.1613717511150663,-0.01607310949148196,0.0025625000707805157,-1.766974823035287e-17,occupied,[2],[],1,0.0
851,0.19546516612172127,0.0010000001639127731,0.016197677236050367,-0.11135308679670836,0.16144851548723635,-0.019260615656976208,0.005750000011175871,2.208718528794109e-18,occupied,[2],[],1,0.0
856,0.19556698761880398,0.004187500104308128,0.016220636432990432,-0.1114235303068011,0.1615252798594064,-0.022448121822470454,0.0025625000707805157,-3.092205940311753e-17,occupied,[2],[],1,0.0
857,0.19556905329227448,-0.002187499776482582,0.016198744531720877,-0.11140589392490181,0.16153819212054804,-0.016073121490393964,0.0025625000707805157,-3.533949646070574e-17,occupied,[2],[],1,0.0
862,0.19567087478935719,0.0010000001639127731,0.01622170372866094,-0.11147633743499459,0.16161495649271812,-0.019260627655888214,0.005750000011175871,1.766974823035287e-17,occupied,[2],[],1,0.0
866,0.1957726962864399,0.004187500104308128,0.016244662925601006,-0.11154678094508733,0.16169172086488814,-0.02244813382138246,0.0025625000707805157,-2.6504622345529306e-17,occupied,[2],[],1,0.0
867,0.1957747619599104,-0.002187499776482582,0.01622277102433145,-0.11152914456318805,0.1617046331260298,-0.01607313348930597,0.0025625000707805157,1.766974823035287e-17,occupied,[2],[],1,0.0
870,0.1958765834569931,0.0010000001639127731,0.016245730221271515,-0.1115995880732808,0.16178139749819986,-0.019260639654800217,0.005750000011175871,4.417437057588218e-18,occupied,[2],[],1,0.0
874,0.1959804706275463,-0.002187499776482582,0.016246797516942024,-0.11165239520147427,0.16187107413151156,-0.016073145488217973,0.0025625028311733033,0.0,occupied,[2],[],1,0.0
883,0.19673887640237808,0.004187500104308128,0.008550990489311516,-0.10535539118747354,0.16635999596606976,-0.02244798429534026,0.0025625000707805157,8.834874115176436e-18,occupied,[2],[],1,0.0
885,0.19677414000034332,0.0010000001639127731,0.00851174769923091,-0.10533907431315519,0.1664102268140404,-0.01926048527424868,0.005750000011175871,-4.417437057588218e-17,occupied,[2],[],1,0.0
887,0.19680940359830856,-0.002187499776482582,0.008472504909150302,-0.10532275743883679,0.166460457662011,-0.016072986253157097,0.0025625000707805157,-3.533949646070574e-17,occupied,[2],[],1,0.0
922,0.19938881695270538,0.004187500104308128,0.01623669289983809,-0.11334017877816395,0.16483180308782241,-0.022448333399261288,0.0025625000707805157,-4.417437057588218e-18,occupied,[2],[],1,0.0
927,0.1994927041232586,0.0010000001639127731,0.0162377601955086,-0.11339298590635742,0.16492147972113413,-0.019260839232679045,0.005750000011175871,2.208718528794109e-17,occupied,[2],[],1,0.0
930,0.1995965912938118,-0.002187499776482582,0.01623882749117911,-0.11344579303455089,0.1650111563544458,-0.0160733450660968,0.0025625000707805157,8.834874115176436e-18,occupied,[2],[],1,0.0
945,0.2000758871436119,0.004187500104308128,0.005163751658983529,-0.10407912996109,0.17094040914107808,-0.022448079330446725,0.0025625000707805157,4.417437057588218e-18,occupied,[2],[],1,0.0
946,0.20011115074157715,0.0010000001639127731,0.005124508868902922,-0.10406281308677162,0.17099063998904873,-0.01926058030935514,0.005750000011175871,-6.184411880623505e-17,occupied,[2],[],1,0.0
948,0.2001464143395424,-0.002187499776482582,0.005085266078822315,-0.10404649621245322,0.17104087083701933,-0.016073081288263562,0.0025625000707805157,-1.3252311172764654e-16,occupied,[2],[],1,0.0
1015,0.20300493761897087,0.004187500104308128,0.016228722874075174,-0.11513357661124059,0.16797188531075666,-0.022448532977140116,0.0025625000707805157,-5.300924469105861e-17,occupied,[2],[],1,0.0
1017,0.20310882478952408,0.0010000001639127731,0.016229790169745684,-0.11518638373943406,0.16806156194406838,-0.019261038810557872,0.005750000011175871,-8.393130409417613e-17,occupied,[2],[],1,0.0
1019,0.20321271196007729,-0.002187499776482582,0.016230857465416193,-0.11523919086762753,0.16815123857738004,-0.01607354464397563,0.0025625000707805157,-1.0160105232452901e-16,occupied,[2],[],1,0.0
1025,0.20341289788484573,0.004187500104308128,0.001776512828655541,-0.10280286873470644,0.17552082231608643,-0.022448174365553186,0.0025625000707805157,-8.834874115176436e-18,occupied,[2],[],1,0.0
1026,0.20344816148281097,0.0010000001639127731,0.001737270038574934,-0.10278655186038806,0.17557105316405705,-0.019260675344461606,0.005750000011175871,3.533949646070574e-17,occupied,[2],[],1,0.0
1027,0.20348342508077621,-0.002187499776482582,0.001698027248494327,-0.10277023498606969,0.17562128401202767,-0.016073176323370027,0.0025625000707805157,-5.300924469105861e-17,occupied,[2],[],1,0.0
1051,0.2047160305082798,0.014750000089406967,0.007333550252951682,-0.10827050233218558,0.17388400044749142,-0.03301089288488833,0.00031834228033119835,0.0,empty,[],[],1,0.0
1052,0.20499934814870358,-0.012749999761581421,0.011594892712309957,-0.11210862822755512,0.17200912899053086,-0.005511021123790337,0.0015214925397769939,3.533949646070574e-17,empty,[],[],1,0.0
1053,0.20553603768348694,-0.012749999761581421,0.007402110146358609,-0.10873959301863091,0.17456198289480576,-0.00551094019838793,0.0003505025512268867,7.067899292141149e-17,empty,[],[],1,0.0
1054,0.20562675036489964,-0.012749999761581421,0.007467983174137771,-0.10884188393135028,0.174607858983211,-0.005510946947481403,0.0003951813783989889,1.7669748230352872e-16,empty,[],[],1,0.0
1056,0.20571746304631233,-0.012749999761581421,0.007533856201916933,-0.10894417484406964,0.17465373507161625,-0.005510953696574878,0.00043986020557108764,-7.067899292141149e-17,empty,[],[],1,0.0
1057,0.20580817572772503,-0.012749999761581421,0.007599729229696095,-0.109046465756789,0.17469961116002147,-0.005510960445668352,0.00047627669704274354,7.067899292141149e-17,empty,[],[],1,0.0
1059,0.20589888840913773,-0.012749999761581421,0.007665602257475257,-0.10914875666950836,0.17474548724842667,-0.005510967194761827,0.000511822287816241,1.0601848938211722e-16,empty,[],[],1,0.0
1060,0.20594890043139458,0.014750000089406967,0.013197566149756312,-0.11396991723416287,0.17203377872813133,-0.0330111156529613,0.0001504236331202877,-7.067899292141149e-17,empty,[],[],1,0.0
1062,0.20598960109055042,-0.012749999761581421,0.007731475285254419,-0.10925104758222774,0.1747913633368319,-0.0055109739438553,0.0005413896970614133,1.0601848938211722e-16,empty,[],[],1,0.0
1063,0.20608031377196312,-0.012749999761581421,0.007797348313033581,-0.1093533384949471,0.17483723942523713,-0.005510980692948773,0.0005675346499480784,0.0,empty,[],[],1,0.0
1072,0.20628688298165798,-0.012749999761581421,0.007826281245797873,-0.10948127271573971,0.17500198403969916,-0.005510992868803662,0.0005028260862915669,1.4135798584282297e-16,empty,[],[],1,0.0
1080,0.20649345219135284,-0.012749999761581421,0.007855214178562164,-0.10960920693653232,0.1751667286541612,-0.0055110050446585505,0.00042473242576565893,-3.533949646070574e-17,empty,[],[],1,0.0
1084,0.20662105828523636,0.004187500104308128,0.01622075284831226,-0.11692697444431722,0.17111196753369093,-0.022448732555018943,0.0025625000707805157,3.754821498949985e-17,occupied,[2],[],1,0.0
1085,0.2067000214010477,-0.012749999761581421,0.007884147111326456,-0.10973714115732491,0.17533147326862322,-0.005511017220513439,0.0003350401406634979,3.533949646070574e-17,empty,[],[],1,0.0
1087,0.20672494545578957,0.0010000001639127731,0.016221820143982768,-0.1169797815725107,0.17120164416700265,-0.0192612383884367,0.005750000011175871,-2.4295903816735198e-17,occupied,[2],[],1,0.0
1088,0.2067851722240448,0.0010000001639127731,-0.0016499687917530537,-0.1015102906340045,0.1801514663390654,-0.019260770379568068,0.005750000011175871,-2.208718528794109e-17,occupied,[2],[],1,0.0
1090,0.20682043582201004,-0.002187499776482582,-0.0016892115818336606,-0.10149397375968612,0.18020169718703602,-0.016073271358476488,0.0025625000707805157,-7.50964299789997e-17,occupied,[2],[],1,0.0
1091,0.20682883262634277,-0.002187499776482582,0.016222887439653277,-0.11703258870070415,0.1712913208003143,-0.016073744221854456,0.0025625000707805157,-2.6504622345529306e-17,occupied,[2],[],1,0.0
1095,0.2068618033081293,0.004187500104308128,-0.0017110133776441216,-0.10149533986588248,0.18024820593769544,-0.022448272937861072,0.0025625000707805157,-2.9155084580082237e-16,occupied,[2],[],1,0.0
1100,0.20690659061074257,-0.012749999761581421,0.007913080044090748,-0.10986507537811752,0.17549621788308525,-0.005511029396368328,0.00023224734861504087,-8.834874115176436e-17,empty,[],[],1,0.0
1107,0.20711315982043743,-0.012749999761581421,0.00794201297685504,-0.10999300959891013,0.17566096249754726,-0.0055110415722232145,0.00011765328162050019,-1.766974823035287e-17,empty,[],[],1,0.0
1118,0.2074666991829872,0.014750000089406967,0.01059963321313262,-0.11247248200504484,0.17464350214793872,-0.03301113099443595,0.0007556705313333857,0.0,empty,[],[],1,0.0
1120,0.20755788497626781,0.014750000089406967,0.010665475972928107,-0.11257498220948838,0.1746898036161318,-0.03301113776887025,0.0006566693439649923,-7.067899292141149e-17,empty,[],[],1,0.0
1122,0.20761790126562119,0.014750000089406967,0.010345186339691281,-0.11232708755693277,0.17490131164282283,-0.03301113263766303,0.0006273459143538295,-7.067899292141149e-17,empty,[],[],1,0.0
1123,0.20764907076954842,0.014750000089406967,0.010731318732723594,-0.11267748241393193,0.1747361050843249,-0.03301114454330455,0.0005564470768815446,7.067899292141149e-17,empty,[],[],1,0.0
1126,0.20774025656282902,0.014750000089406967,0.01079716149251908,-0.11277998261837546,0.174782406552518,-0.03301115131773885,0.00045317225842104775,7.067899292141149e-17,empty,[],[],1,0.0
1127,0.20776910334825516,0.014750000089406967,0.010090739466249943,-0.1121816931088207,0.17515912113770696,-0.03301113428089011,0.0004734926926712439,0.0,empty,[],[],1,0.0
1130,0.20783144235610962,0.014750000089406967,0.010863004252314568,-0.11288248282281901,0.17482870802071113,-0.03301115809217316,0.00034989743996053973,0.0,empty,[],[],1,0.0
1131,0.20792030543088913,0.014750000089406967,0.009836292592808604,-0.11203629866070863,0.1754169306325911,-0.03301113592411718,0.00029758148173908525,1.4135798584282297e-16,empty,[],[],1,0.0
1132,0.20792262814939022,0.014750000089406967,0.010928847012110054,-0.11298498302726256,0.17487500948890425,-0.033011164866607455,0.00024662262150004717,0.0,empty,[],[],1,0.0
1133,0.20801381394267082,0.014750000089406967,0.010994689771905541,-0.1130874832317061,0.17492131095709734,-0.03301117164104176,0.00014334780303955496,1.4135798584282297e-16,empty,[],[],1,0.0
1134,0.2080715075135231,0.014750000089406967,0.009581845719367266,-0.11189090421259655,0.17567474012747522,-0.033011137567344265,0.0001035862341888212,0.0,empty,[],[],1,0.0
1161,0.21015744656324387,-0.002187499776482582,-0.005076450412161648,-0.10021771253330256,0.18478211036204434,-0.016073366393582953,0.0025625000707805157,-3.4456009049188096e-16,occupied,[2],[],1,0.0
1165,0.21023407764732838,0.0010000001639127731,-0.005137494998052716,-0.10020276176518056,0.1848788499606744,-0.019260868951875953,0.005750000011175871,6.184411880623505e-17,occupied,[2],[],1,0.0
1166,0.21023717895150185,0.004187500104308128,0.016212782822549343,-0.11872037227739385,0.17425204975662517,-0.022448932132897767,0.0025625000707805157,8.834874115176436e-18,occupied,[2],[],1,0.0
1168,0.2103107087314129,0.004187500104308128,-0.005198539583943784,-0.10018781099705855,0.1849755895593045,-0.022448371510168954,0.0025625000707805157,-1.236882376124701e-16,occupied,[2],[],1,0.0
1170,0.21034106612205505,0.0010000001639127731,0.016213850118219852,-0.11877317940558732,0.17434172638993686,-0.019261437966315527,0.005750000011175871,1.766974823035287e-17,occupied,[2],[],1,0.0
1173,0.2103624977171421,-0.002187499776482582,0.016208337852731347,-0.11877922928721295,0.17436316833689675,-0.016073939070597745,0.0025625000707805157,-7.951386703658792e-17,occupied,[2],[],1,0.0
1199,0.2114870585501194,0.014750000089406967,0.0004794754786416888,-0.10569724390781296,0.1831685845953803,-0.0330110862154131,0.0006185711665578199,7.067899292141149e-17,empty,[],[],1,0.0
1203,0.21191647462546825,-0.012749999761581421,0.003607771825045347,-0.10862546110464193,0.18198451296949503,-0.005511192644091407,0.00010096967683118316,5.300924469105861e-17,empty,[],[],1,0.0
1206,0.2120676301419735,-0.012749999761581421,0.0033535599941387773,-0.10848024731609572,0.18224216506196894,-0.005511194290944566,0.00039051293024608294,1.0601848938211722e-16,empty,[],[],1,0.0
1208,0.21221878565847874,-0.012749999761581421,0.0030993481632322073,-0.10833503352754953,0.18249981715444286,-0.005511195937797723,0.0006800561836609828,0.0,empty,[],[],1,0.0
1211,0.21236994117498398,-0.012749999761581421,0.0028451363323256373,-0.10818981973900332,0.18275746924691674,-0.005511197584650882,0.0009674438062871409,7.067899292141149e-17,empty,[],[],1,0.0
1213,0.21252109669148922,-0.012749999761581421,0.0025909245014190674,-0.10804460595045713,0.18301512133939066,-0.005511199231504041,0.0012506285910608174,-3.533949646070574e-17,empty,[],[],1,0.0
1219,0.21321363002061844,-0.012749999761581421,-0.0009770570322871208,-0.10529502312769104,0.18539207084126383,-0.005511143394365271,0.0008864591589238359,3.533949646070574e-17,empty,[],[],1,0.0
1234,0.21360635198652744,-0.002187499776482582,-0.00856397661846131,-0.09891018366447862,0.18950949398365335,-0.016073464965890835,0.0025625000707805157,-2.252892899369991e-16,occupied,[2],[],1,0.0
1237,0.21368298307061195,0.0010000001639127731,-0.008625021204352379,-0.09889523289635663,0.18960623358228343,-0.019260967524183836,0.005750000011175871,-1.766974823035287e-17,occupied,[2],[],1,0.0
1241,0.21375961415469646,0.004187500104308128,-0.008686065790243447,-0.0988802821282346,0.1897029731809135,-0.022448470082476836,0.0025625000707805157,-3.1805546814635167e-16,occupied,[2],[],1,0.0
1245,0.21385329961776733,0.004187500104308128,0.016204812796786427,-0.12051377011047049,0.17739213197955944,-0.022449131710776594,0.0025625000707805157,8.834874115176436e-18,empty,[],[],1,0.0
1247,0.21387473121285439,0.0010000001639127731,0.016199300531297922,-0.12051981999209613,0.1774135739265193,-0.019261632815058816,0.005750000011175871,4.417437057588218e-17,occupied,[2],[],1,0.0
1249,0.21389616280794144,-0.002187499776482582,0.016193788265809417,-0.12052586987372176,0.17743501587347918,-0.016074133919341035,0.0025625000707805157,4.8591807633470396e-17,occupied,[2],[],1,0.0
1283,0.21514493972063065,0.014750000089406967,0.002218877198174596,-0.1090268568919998,0.18547494326513234,-0.0330113341843232,0.0015033147488744878,-7.067899292141149e-17,empty,[],[],1,0.0
1290,0.21590642631053925,-0.012749999761581421,-0.0008360235951840878,-0.10675796237062579,0.18765720903519797,-0.0055112958889332354,0.0004209662764963592,7.067899292141149e-17,empty,[],[],1,0.0
1304,0.21705525740981102,-0.002187499776482582,-0.012051502824760973,-0.09760265479565466,0.19423687760526237,-0.016073563538198717,0.0025625000707805157,3.092205940311753e-17,occupied,[2],[],1,0.0
1310,0.21713188849389553,0.0010000001639127731,-0.012112547410652041,-0.09758770402753268,0.19433361720389247,-0.01926106609649172,0.005750000011175871,4.417437057588218e-17,occupied,[2],[],1,0.0
1314,0.21720851957798004,0.004187500104308128,-0.01217359199654311,-0.09757275325941067,0.19443035680252252,-0.02244856865478472,0.0025625000707805157,0.0,occupied,[2],[],1,0.0
1324,0.21738696470856667,0.004187500104308128,0.016190263209864497,-0.12226041069697927,0.18046397951614188,-0.022449326559519887,0.0025625000707805157,2.6504622345529306e-17,empty,[],[],1,0.0
1326,0.21740839630365372,0.0010000001639127731,0.016184750944375992,-0.12226646057860491,0.18048542146310176,-0.019261827663802106,0.005750000011175871,-3.975693351829396e-17,empty,[],[],1,0.0
1328,0.21742982789874077,-0.002187499776482582,0.016179238678887486,-0.12227251046023054,0.18050686341006164,-0.016074328768084324,0.0025625000707805157,1.3031439319885243e-16,empty,[],[],1,0.0
1379,0.2205041628330946,-0.002187499776482582,-0.015539029031060636,-0.09629512592683073,0.19896426122687141,-0.016073662110506603,0.0025625000707805157,9.276617820935258e-17,empty,[],[],0,0.0005041640251874646
1384,0.2205807939171791,0.0010000001639127731,-0.015600073616951704,-0.09628017515870874,0.1990610008255015,-0.019261164668799603,0.0039192065596580505,-2.4295903816735198e-17,empty,[],[],0,0.0005807951092720032
1386,0.22061794064939022,-0.002187499776482582,-0.01561935618519783,-0.09628210650349865,0.19910292750889955,-0.016073666278164863,0.0025625000707805157,2.8713340874323413e-17,empty,[],[],0,0.0006179418414830606
1392,0.22065742500126362,0.004187500104308128,-0.015661118202842772,-0.09626522439058671,0.19915774042413156,-0.022448667227092607,0.0025625000707805157,4.417437057588218e-18,empty,[],[],0,0.0006574261933564862
1399,0.22069457173347473,0.0010000001639127731,-0.015680400771088898,-0.09626715573537664,0.19919966710752968,-0.019261168836457863,0.0038054287433624268,2.208718528794109e-17,empty,[],[],0,0.0006945729255676547
1402,0.22073171846568584,-0.002187499776482582,-0.015699683339335024,-0.09626908708016656,0.1992415937909277,-0.016073670445823123,0.0025625000707805157,-4.417437057588218e-17,empty,[],[],0,0.0007317196577786844
1409,0.22077120281755924,0.004187500104308128,-0.015741445356979966,-0.09625220496725463,0.19929640670615972,-0.022448671394750867,0.0025625000707805157,-1.987846675914698e-17,empty,[],[],0,0.00077120400965211
1414,0.22080834954977036,0.0010000001639127731,-0.015760727925226092,-0.09625413631204456,0.1993383333895578,-0.019261173004116124,0.003691650927066803,-2.208718528794109e-17,empty,[],[],0,0.0008083507418632507
1419,0.22084549628198147,-0.002187499776482582,-0.01578001049347222,-0.09625606765683446,0.19938026007295587,-0.016073674613481383,0.0025625000707805157,-2.8713340874323413e-17,empty,[],[],0,0.0008454974740743082
1425,0.22088498063385487,0.004187500104308128,-0.01582177251111716,-0.09623918554392255,0.19943507298818786,-0.022448675562409127,0.0025625000707805157,5.742668174864683e-17,empty,[],[],0,0.0008849818259477338
1432,0.220920629799366,0.004187500104308128,0.016175713622942567,-0.12400705128348807,0.1835358270527243,-0.022449521408263177,0.0026440208886320932,3.533949646070574e-17,empty,[],[],0,0.0009206309914588928
1434,0.22092212736606598,0.0010000001639127731,-0.015841055079363286,-0.09624111688871248,0.19947699967158597,-0.019261177171774384,0.003577873110771179,0.0,empty,[],[],0,0.0009221285581588745
1437,0.22094206139445305,0.0010000001639127731,0.01617020135745406,-0.12401310116511371,0.1835572689996842,-0.019262022512545395,0.004727507837424839,-5.300924469105861e-17,empty,[],[],0,0.0009420625865459165
1442,0.2209592740982771,-0.002187499776482582,-0.015860337647609413,-0.09624304823350238,0.19951892635498406,-0.016073678781139644,0.0025625000707805157,-6.626155586382327e-17,empty,[],[],0,0.0009592752903699597
1444,0.2209634929895401,-0.002187499776482582,0.016164689091965556,-0.12401915104673934,0.18357871094664407,-0.016074523616827617,0.0026456788867949125,2.6504622345529306e-17,empty,[],[],0,0.0009634941816329678
1449,0.2209987584501505,0.004187500104308128,-0.015902099665254354,-0.09622616612059047,0.19957373927021602,-0.022448679730067388,0.0025625000707805157,-3.975693351829396e-17,empty,[],[],0,0.0009987596422433576
1457,0.2210359051823616,0.0010000001639127731,-0.01592138223350048,-0.09622809746538039,0.19961566595361413,-0.019261181339432644,0.0034640952944755554,8.834874115176436e-18,empty,[],[],0,0.0010359063744544983
1463,0.22107305191457272,-0.002187499776482582,-0.015940664801746607,-0.0962300288101703,0.1996575926370122,-0.016073682948797904,0.0025625000707805157,-4.8591807633470396e-17,empty,[],[],0,0.0010730531066655835
1475,0.22116457484662533,0.004187500104308128,-0.015952409710735083,-0.09626508706997838,0.1997425922762702,-0.022448687564467253,0.0025625000707805157,2.6504622345529306e-17,empty,[],[],0,0.001164576038718168
1480,0.22120172157883644,0.0010000001639127731,-0.01597169227898121,-0.09626701841476831,0.1997845189596683,-0.01926118917383251,0.003298278898000717,-1.1043592643970545e-17,empty,[],[],0,0.0012017227709293365
1487,0.22123886831104755,-0.002187499776482582,-0.015990974847227335,-0.09626894975955821,0.19982644564306637,-0.01607369078319777,0.0025625000707805157,-1.766974823035287e-17,empty,[],[],0,0.001238869503140394
1501,0.22133039124310017,0.004187500104308128,-0.01600271975621581,-0.09630400801936631,0.1999114452823244,-0.022448695398867114,0.0025625000707805157,-4.417437057588218e-18,empty,[],[],0,0.001330392435193034
1507,0.22136753797531128,0.0010000001639127731,-0.016022002324461937,-0.09630593936415623,0.19995337196572252,-0.019261197008232374,0.003132462501525879,-3.754821498949985e-17,empty,[],[],0,0.001367539167404147
1514,0.2214046847075224,-0.002187499776482582,-0.016041284892708063,-0.09630787070894614,0.19999529864912058,-0.016073698617597634,0.0025625000707805157,1.987846675914698e-17,empty,[],[],0,0.00140468589961526
1532,0.221496207639575,0.004187500104308128,-0.01605302980169654,-0.09634292896875422,0.20008029828837862,-0.02244870323326698,0.0025624856586059478,5.742668174864683e-17,empty,[],[],0,0.0014962088316678723
1536,0.22153335437178612,0.0010000001639127731,-0.016072312369942665,-0.09634486031354414,0.2001222249717767,-0.01926120484263224,0.0029666461050510406,2.208718528794109e-17,empty,[],[],0,0.0015333555638789853
1541,0.22157050110399723,-0.002187499776482582,-0.01609159493818879,-0.09634679165833406,0.2001641516551748,-0.0160737064519975,0.0025618977747915075,2.208718528794109e-18,empty,[],[],0,0.0015705022960900983
1560,0.22166202403604984,0.004187500104308128,-0.016103339847177267,-0.09638184991814214,0.20024915129443283,-0.022448711067666844,0.0025601500999502982,1.766974823035287e-17,empty,[],[],0,0.0016620252281427383
1565,0.22169917076826096,0.0010000001639127731,-0.016122622415423393,-0.09638378126293207,0.20029107797783088,-0.019261212677032104,0.0028008297085762024,1.3252311172764653e-17,empty,[],[],0,0.0016991719603538236
1571,0.22172380238771439,-0.002187499776482582,-0.016123030800372362,-0.09639585068602372,0.20031275417454883,-0.01607371409271906,0.002557961973210961,2.208718528794109e-18,empty,[],[],0,0.0017238035798072537
1590,0.22182784043252468,0.004187500104308128,-0.016153649892657995,-0.09642077086753006,0.200418004300487,-0.022448718902066706,0.002552259205379223,-2.208718528794109e-17,empty,[],[],0,0.0018278416246175766
1595,0.2218524720519781,0.0010000001639127731,-0.016154058277606964,-0.09643284029062173,0.20043968049720495,-0.019261220317753666,0.002647528424859047,-7.730514850779381e-17,empty,[],[],0,0.0018524732440710068
1597,0.22187710367143154,-0.002187499776482582,-0.016154466662555933,-0.09644490971371338,0.2004613566939229,-0.016073721733440627,0.002546974786943802,-5.963540027744093e-17,empty,[],[],0,0.0018771048635244092
1621,0.22198114171624184,0.004187500104308128,-0.016185085754841566,-0.09646982989521972,0.20056660681986108,-0.02244872654278827,0.002492689101488202,-4.638308910467629e-17,empty,[],[],0,0.001981142908334732
1624,0.22200577333569527,0.0010000001639127731,-0.016185494139790535,-0.09648189931831139,0.20058828301657902,-0.019261227958475232,0.0024942271411418915,-4.417437057588218e-18,empty,[],[],0,0.0020057745277881622
1629,0.2220304049551487,-0.002187499776482582,-0.016185902524739504,-0.09649396874140304,0.20060995921329697,-0.01607372937416219,0.0024448840602471376,-1.3252311172764653e-17,empty,[],[],0,0.0020304061472415924
1652,0.222134442999959,0.004187500104308128,-0.016216521617025137,-0.09651888892290938,0.20071520933923512,-0.022448734183509837,0.00234268598310589,-1.3252311172764653e-17,empty,[],[],0,0.0021344441920518875
1656,0.22215907461941242,0.0010000001639127731,-0.016216930001974106,-0.09653095834600103,0.20073688553595306,-0.019261235599196794,0.002340925857424736,6.184411880623505e-17,empty,[],[],0,0.00215907581150529
1661,0.22218370623886585,-0.002187499776482582,-0.016217338386923075,-0.09654302776909268,0.200758561732671,-0.016073737014883755,0.002293811024480804,-8.834874115176436e-18,empty,[],[],0,0.00218370743095872
1683,0.22228774428367615,0.004187500104308128,-0.016247957479208708,-0.09656794795059903,0.2008638118586092,-0.0224487418242314,0.002191242320126214,-2.6504622345529306e-17,empty,[],[],0,0.002287745475769043
1688,0.22231237590312958,0.0010000001639127731,-0.016248365864157677,-0.0965800173736907,0.20088548805532713,-0.01926124323991836,0.0021876245737075806,-5.521796321985272e-17,empty,[],[],0,0.002312377095222473
1691,0.222337007522583,-0.002187499776482582,-0.016248774249106646,-0.09659208679678236,0.20090716425204508,-0.01607374465560532,0.0021427379887144697,1.1043592643970545e-17,empty,[],[],0,0.0023370087146758756
1739,0.22443286329507828,0.007375000044703484,0.016166676301509142,-0.12574764198837124,0.18658623264234686,-0.025637215152724248,0.0003980833581833642,0.0,empty,[],[],0,0.004432864487171173
1743,0.22445429489016533,0.004187500104308128,0.016161164036020637,-0.12575369186999688,0.18660767458930677,-0.022449716257006466,0.0021209687004735177,0.0,empty,[],[],0,0.0044542960822582245
1747,0.22447572648525238,0.0010000001639127731,0.01615565177053213,-0.12575974175162252,0.18662911653626663,-0.019262217361288685,0.002118018224373197,-3.533949646070574e-17,empty,[],[],0,0.004475727677345248
1755,0.22449715808033943,-0.002187499776482582,0.016150139505043626,-0.12576579163324814,0.1866505584832265,-0.016074718465570906,0.002088991603922571,3.533949646070574e-17,empty,[],[],0,0.004497159272432272
1759,0.22451858967542648,-0.005374999716877937,0.01614462723955512,-0.12577184151487378,0.18667200043018642,-0.012887219569853125,0.0004014221773230884,3.533949646070574e-17,empty,[],[],0,0.004518590867519351
1863,0.22872734628617764,-0.012749999761581421,-0.0029448370914906263,-0.11131205519173615,0.19982615810792329,-0.005511948619398159,0.0007273461669683456,0.0,empty,[],[],0,0.008727347478270503
1892,0.2289593629539013,0.014750000089406967,-0.006322833243757486,-0.10849658223962773,0.20170817815671774,-0.03301187214902046,0.0009593628346920013,3.975693351829396e-17,empty,[],[],0,0.008959364145994186
1895,0.22905049100518227,0.014750000089406967,0.004773385589942336,-0.11816524997671025,0.1962628828636806,-0.033012169826634644,0.00030229934323015194,2.6504622345529306e-17,empty,[],[],0,0.009050492197275134
1896,0.22914167679846287,0.014750000089406967,0.004839228349737823,-0.1182677501811538,0.19630918433187372,-0.03301217660106894,0.00035619165131859547,-8.834874115176436e-18,empty,[],[],0,0.009141677990555763
1898,0.22920169308781624,0.014750000089406967,0.0045189387165009975,-0.11801985552859819,0.1965206923585647,-0.033012171469861726,0.0005484219883603435,3.092205940311753e-17,empty,[],[],0,0.009201694279909078
1899,0.22923173010349274,0.014750000089406967,-0.001156394137069583,-0.11311282443600089,0.19937224475252538,-0.03301202345266817,0.0012317299842834473,1.766974823035287e-17,empty,[],[],0,0.009231731295585632
1901,0.22923286259174347,0.014750000089406967,0.00490507110953331,-0.11837025038559734,0.19635548580006681,-0.03301218337550325,0.00040493921220382194,-4.417437057588218e-17,empty,[],[],0,0.009232863783836337
1903,0.22932404838502407,0.014750000089406967,0.004970913869328797,-0.11847275059004089,0.1964017872682599,-0.033012190149937545,0.0004512129708258083,1.0601848938211722e-16,empty,[],[],0,0.009324049577116938
1904,0.2293528951704502,0.014750000089406967,0.004264491843059659,-0.11787446108048612,0.19677850185344886,-0.0330121731130888,0.0007880399133901702,1.1043592643970544e-16,empty,[],[],0,0.009352896362543078
1907,0.22950409725308418,0.014750000089406967,0.0040100449696183205,-0.11772906663237405,0.197036311348333,-0.03301217475631588,0.0010211370525792874,6.626155586382327e-17,empty,[],[],0,0.00950409844517705
1908,0.2295300643891096,0.014750000089406967,0.00499969522934407,-0.11860027794083597,0.1965661275715196,-0.033012202291230766,0.0006155187949220505,8.834874115176436e-17,empty,[],[],0,0.00953006558120248
1913,0.22973608039319515,0.014750000089406967,0.005028476589359343,-0.11872780529163104,0.19673046787477927,-0.03301221443252398,0.0007722527136074794,-1.766974823035287e-17,empty,[],[],0,0.00973608158528802
1916,0.2299420963972807,0.014750000089406967,0.005057257949374616,-0.11885533264242612,0.19689480817803892,-0.033012226573817194,0.0009263426883142167,3.533949646070574e-17,empty,[],[],0,0.00994209758937356
1917,0.2300185840576887,-0.012749999761581421,0.0006681240629404783,-0.11508828074848618,0.19914725914431455,-0.005512115244724581,0.00201302816595791,5.521796321985272e-17,empty,[],[],0,0.010018585249781609
1931,0.23045316338539124,-0.012749999761581421,-0.006758395815268159,-0.10886392051685982,0.2032214948236672,-0.005511943393789201,0.0024530292361125234,-8.834874115176436e-18,empty,[],[],0,0.010453164577484103
1938,0.23054387606680393,-0.012749999761581421,-0.006692522787488997,-0.1089662114295792,0.20326737091207242,-0.005511950142882676,0.0025438759475946426,5.521796321985272e-17,empty,[],[],0,0.010543877258896828
1943,0.23060431890189648,-0.012749999761581421,-0.007012607646174729,-0.10871870672831362,0.2034791469161411,-0.005511945040642358,0.002602254287411887,2.208718528794109e-17,empty,[],[],0,0.010604320093989344
1945,0.23063458874821663,-0.012749999761581421,-0.006626649759709835,-0.10906850234229856,0.20331324700047765,-0.005511956891976148,0.0026345886290073395,-4.1965652047088066e-17,empty,[],[],0,0.010634589940309497
1952,0.23075547441840172,-0.012749999761581421,-0.007266819477081299,-0.10857349293976742,0.203736799008615,-0.005511946687495517,0.002746730675707061,-2.4295903816735198e-17,empty,[],[],0,0.010755475610494558
1954,0.2308411579579115,-0.012749999761581421,-0.006597716826945543,-0.10919643656309116,0.20347799161493965,-0.005511969067831038,0.002841157838702202,1.1043592643970544e-16,empty,[],[],0,0.01084115915000436
1971,0.23104772716760635,-0.012749999761581421,-0.0065687838941812515,-0.10932437078388377,0.20364273622940168,-0.0055119812436859265,0.003047727048397064,4.417437057588218e-18,empty,[],[],0,0.011047728359699222
1981,0.2313098218291998,-0.012749999761581421,0.004281085217371583,-0.11886450630523619,0.19846836018070582,-0.0055122818700510025,0.0024780150245537302,4.8591807633470396e-17,empty,[],[],0,0.011309823021292659
1983,0.23144800774753094,-0.012749999761581421,-0.010834801010787487,-0.10582391011700133,0.20611374851048817,-0.005511890850356747,0.0014722830552970883,2.4295903816735198e-17,empty,[],[],0,0.011448008939623805
1984,0.2315649762749672,0.014750000089406967,-0.011700028320774436,-0.10513038183508873,0.2066449931736784,-0.033011874293419737,0.0007145046668877335,-4.417437057588218e-17,empty,[],[],0,0.011564977467060061
1986,0.23196113295853138,-0.012749999761581421,0.006272297177929431,-0.12091566301622736,0.19804187759233477,-0.005512370369165243,0.0007602766798909357,4.417437057588218e-17,empty,[],[],0,0.011961134150624247
1990,0.23233896493911743,-0.012749999761581421,-0.002955822739750147,-0.1131005963406338,0.20296383726579298,-0.005512147869012348,0.004338964819908142,3.092205940311753e-17,empty,[],[],0,0.0123389661312103
1991,0.2323448769748211,0.014750000089406967,-0.009749870630912483,-0.10720995302744142,0.2063504702306622,-0.033011968814282845,0.0028117315858861404,3.3130777931911635e-17,empty,[],[],0,0.012344878166913986
1994,0.2324623316526413,0.014750000089406967,-0.009785039001144469,-0.10723792852977695,0.20646984270171295,-0.03301197437606694,0.002813934581114633,-6.6261555863823264e-18,empty,[],[],0,0.012462332844734192
1996,0.2325797863304615,0.014750000089406967,-0.009820207371376455,-0.10726590403211247,0.20658921517276368,-0.03301197993785103,0.002808686074149032,2.208718528794109e-17,empty,[],[],0,0.01257978752255437
1999,0.23261724412441254,0.014750000089406967,-0.004583431524224579,-0.11182619522381458,0.20401453682646978,-0.03301212011793056,0.004617244005203247,-1.1043592643970544e-16,empty,[],[],0,0.012617245316505404
2000,0.2326972410082817,0.014750000089406967,-0.009855375741608441,-0.107293879534448,0.20670858764381445,-0.03301198549963512,0.0028022285697192643,6.626155586382327e-17,empty,[],[],0,0.012697242200374603
2001,0.2328146956861019,0.014750000089406967,-0.009890544111840427,-0.10732185503678353,0.2068279601148652,-0.033011991061419214,0.0027875403569502166,2.208718528794109e-17,empty,[],[],0,0.012814696878194809
2002,0.23288961127400398,0.014750000089406967,0.0005830075824633241,-0.11644243742018774,0.20167860342227742,-0.03301227142157827,0.004884814364407355,3.092205940311753e-17,empty,[],[],0,0.01288961246609685
2003,0.23293215036392212,0.014750000089406967,-0.009925712482072413,-0.10734983053911905,0.20694733258591597,-0.0330119966232033,0.002772852144181169,-2.8713340874323413e-17,empty,[],[],0,0.012932151556015015
2042,0.23353848233819008,0.014750000089406967,0.005050739506259561,-0.12064016430876229,0.20001705259664274,-0.03301242509964948,0.0017455132562071935,0.0,empty,[],[],0,0.013538483530282974
2047,0.2336302027106285,-0.012749999761581421,0.0006571384146809578,-0.11687682189738381,0.20228493830218425,-0.005512314494338769,0.005624551071164649,-3.092205940311753e-17,empty,[],[],0,0.013630203902721377
2055,0.2337382286787033,0.014750000089406967,-0.011699774069711566,-0.10621257061290974,0.20852963996014215,-0.033011994370762174,0.0010441406630667513,7.50964299789997e-17,empty,[],[],0,0.013738229870796204
2063,0.23414080403745174,-0.012749999761581421,-0.010693767573684454,-0.1072868493599361,0.2083788867044223,-0.005512043344924713,0.002056232187896967,1.2147951908367599e-17,empty,[],[],0,0.014140805229544612
2064,0.2342815138399601,-0.012749999761581421,0.002648350375238806,-0.11892797860837498,0.20185845571381317,-0.00551240299345301,0.003683558847648347,1.766974823035287e-17,empty,[],[],0,0.014281515032052966
2067,0.23465934582054615,-0.012749999761581421,-0.006579769542440772,-0.11111291193278142,0.20678041538727138,-0.0055121804933001145,0.006170230219140649,0.0,empty,[],[],0,0.014659347012639018
2070,0.2349328249692917,-0.012749999761581421,0.004639562335796654,-0.12097913531936612,0.2014319731254421,-0.005512491492567252,0.0016067606799331305,1.0380977085332311e-16,empty,[],[],0,0.014932826161384527
2073,0.23510540276765823,0.014750000089406967,-0.009925458231009543,-0.10843201931694006,0.20883197937237968,-0.03301211670054574,0.002824541530571878,-9.718361526694079e-17,empty,[],[],0,0.015105403959751101
2102,0.23591148108243942,0.014750000089406967,-0.011699519818648696,-0.10729475939073074,0.2104142867466059,-0.03301211444810462,0.001050479942932725,0.0,empty,[],[],0,0.015911482274532318
2103,0.23595058359205723,-0.012749999761581421,-0.0029668083880096674,-0.11488913748953143,0.20610151642366265,-0.0055123471186265365,0.0078072714333952764,-5.0800526162264503e-17,empty,[],[],0,0.015950584784150096
2104,0.23600275814533234,0.014750000089406967,-0.008010468911379576,-0.11053956601162827,0.20865682890041423,-0.033012216783192945,0.004739530850201845,-4.417437057588218e-18,empty,[],[],0,0.016002759337425232
2105,0.23612021282315254,0.014750000089406967,-0.008045637281611562,-0.11056754151396381,0.208776201371465,-0.033012222344977034,0.004704362479969859,-5.521796321985272e-17,empty,[],[],0,0.016120214015245438
2108,0.23623766750097275,0.014750000089406967,-0.008080805651843548,-0.11059551701629931,0.20889557384251575,-0.03301222790676113,0.004669194109737873,2.4295903816735198e-17,empty,[],[],0,0.016237668693065643
2109,0.23624508827924728,0.014750000089406967,0.002831303048878908,-0.12006283930059873,0.20346934310226122,-0.033012516104034204,0.0025865983768605387,2.208718528794109e-17,empty,[],[],0,0.01624508947134015
2110,0.23627512529492378,0.014750000089406967,-0.0028440298046916723,-0.11515580820800143,0.20632089549622187,-0.03301236808684065,0.007543141640139423,-1.1043592643970544e-16,empty,[],[],0,0.01627512648701665
2111,0.23633627407252789,0.014750000089406967,0.002897145808674395,-0.12016533950504227,0.20351564457045435,-0.03301252287846851,0.0024849304317255505,1.3252311172764653e-17,empty,[],[],0,0.01633627526462078
2112,0.23635512217879295,0.014750000089406967,-0.008115974022075534,-0.11062349251863485,0.2090149463135665,-0.03301223346854522,0.004634025739505887,3.975693351829396e-17,empty,[],[],0,0.01635512337088585
2114,0.23639629036188126,0.014750000089406967,0.0025768561754375696,-0.11991744485248665,0.20372715259714536,-0.033012517747261286,0.0027365155892063705,-8.834874115176436e-17,empty,[],[],0,0.016396291553974124
2117,0.2364274598658085,0.014750000089406967,0.002962988568469882,-0.1202678397094858,0.20356194603864744,-0.033012529652902814,0.0023832624865905623,-2.208718528794109e-17,empty,[],[],0,0.016427461057901355
2120,0.23647257685661316,0.014750000089406967,-0.00815114239230752,-0.11065146802097038,0.20913431878461727,-0.03301223903032931,0.004598857369273901,-2.6504622345529306e-17,empty,[],[],0,0.016472578048706055
2126,0.23654749244451523,0.014750000089406967,0.002322409301996231,-0.11977205040437458,0.2039849620920295,-0.03301251939048837,0.002886432801552202,3.975693351829396e-17,empty,[],[],0,0.016547493636608096
2130,0.23660189472138882,-0.012749999761581421,-0.0009755964274518192,-0.11694029420052258,0.2056750338352916,-0.005512435617740778,0.005748914348529943,9.93923337957349e-17,empty,[],[],0,0.016601895913481685
2133,0.23663347586989403,0.014750000089406967,0.002991769928485155,-0.1203953670602809,0.20372628634190712,-0.03301254179419603,0.0022586523929926175,-1.766974823035287e-17,empty,[],[],0,0.016633477061986923
2135,0.2366824448108673,-0.012749999761581421,-0.010298522305674851,-0.10889500239141706,0.21038637280588254,-0.00551219419263952,0.00245147745590657,-3.3130777931911635e-17,empty,[],[],0,0.016682446002960205
2140,0.23677315749228,-0.012749999761581421,-0.010232649277895689,-0.10899729330413643,0.21043224889428777,-0.005512200941732992,0.002517350483685732,1.4356670437161707e-17,empty,[],[],0,0.016773158684372874
2144,0.23683360032737255,-0.012749999761581421,-0.010552734136581421,-0.10874978860287085,0.21064402489835646,-0.005512195839492678,0.002197265625,1.5461029701558764e-17,empty,[],[],0,0.016833601519465446
2145,0.23683949187397957,0.014750000089406967,0.003020551288500428,-0.12052289441107597,0.20389062664516677,-0.03301255393548924,0.002134042299394673,-3.975693351829396e-17,empty,[],[],0,0.016839493066072436
2150,0.23697972670197487,-0.012749999761581421,-0.010203716345131397,-0.10912522752492902,0.2105969935087498,-0.005512213117587882,0.0025462834164500237,-6.294847807063211e-17,empty,[],[],0,0.016979727894067737
2152,0.23713486827909946,0.014750000089406967,0.005044221063144505,-0.12242499597509844,0.2031392970152465,-0.03301262362548177,0.00021898991124986794,-7.951386703658792e-17,empty,[],[],0,0.017134869471192332
2154,0.2372532058507204,-0.012749999761581421,0.001015615533106029,-0.11899145091151374,0.2052485512469205,-0.005512524116855018,0.0036905572636646037,-6.6261555863823264e-18,empty,[],[],0,0.017253207042813273
2155,0.23727865517139435,0.014750000089406967,-0.009925203979946673,-0.10951420809476106,0.21071662615884346,-0.033012236777888185,0.002824795781634748,-2.8713340874323413e-17,empty,[],[],0,0.017278656363487216
2187,0.237904516980052,-0.012749999761581421,0.0030068274936638772,-0.12104260762250489,0.20482206865854943,-0.005512612615969258,0.001632200178799265,-9.93923337957349e-17,empty,[],[],0,0.017904518172144834
2189,0.23808473348617554,0.014750000089406967,-0.011699265567585826,-0.10837694816855176,0.21229893353306964,-0.033012234525447055,0.001050734193995595,3.533949646070574e-17,empty,[],[],0,0.018084734678268433
2190,0.23827096447348595,-0.012749999761581421,-0.006590755190700293,-0.11290145308167907,0.20991809454514107,-0.0055123797429143025,0.005531884644736981,1.2037515981927892e-16,empty,[],[],0,0.018270965665578814
2193,0.23864582926034927,0.014750000089406967,-0.00815088814124465,-0.11173365679879138,0.21101896557108102,-0.03301235910767175,0.004324652778746551,1.3252311172764653e-17,empty,[],[],0,0.01864583045244217
2196,0.23892227560281754,-0.012749999761581421,-0.004599543230142444,-0.1149526097926702,0.20949161195677,-0.005512468242028544,0.006150499851228435,1.4577542290041119e-16,empty,[],[],0,0.018922276794910403
2201,0.23945190757513046,0.014750000089406967,-0.009924949728883803,-0.11059639687258208,0.2126012729453072,-0.03301235685523062,0.0026418538344993845,-5.300924469105861e-17,empty,[],[],0,0.019451908767223358
2210,0.23957358673214912,-0.012749999761581421,-0.002608331269584596,-0.11700376650366136,0.2090651293683989,-0.005512556741142784,0.005745221685167618,-1.766974823035287e-17,empty,[],[],0,0.019573587924241992
2214,0.23966063931584358,0.014750000089406967,-0.006271067191846669,-0.11386917899581513,0.2109631875701663,-0.033012464752103045,0.004582207193437839,4.417437057588218e-18,empty,[],[],0,0.019660640507936478
2244,0.2397780939936638,0.014750000089406967,-0.006306235562078655,-0.11389715449815065,0.21108256004121706,-0.033012470313887134,0.004466016660595259,1.2810567467005832e-16,empty,[],[],0,0.019778095185756656
2250,0.239895548671484,0.014750000089406967,-0.006341403932310641,-0.11392513000048618,0.21120193251226782,-0.03301247587567123,0.004349826127752679,-1.0822720791091133e-16,empty,[],[],0,0.01989554986357689
2258,0.23993300646543503,0.014750000089406967,-0.0011046280851587653,-0.11848542119218827,0.20862725416597394,-0.03301261605575075,0.004254708912690593,1.2810567467005832e-16,empty,[],[],0,0.019933007657527924
2280,0.2400130033493042,0.014750000089406967,-0.006376572302542627,-0.1139531055028217,0.21132130498331855,-0.03301248143745532,0.0042336355949101,2.208718528794109e-17,empty,[],[],0,0.020013004541397067
2294,0.2402248978614807,-0.012749999761581421,-0.0006171193090267479,-0.11905492321465251,0.20863864678002786,-0.005512645240257024,0.003686864600302284,-3.092205940311753e-17,empty,[],[],0,0.02022489905357358
2300,0.24025798588991165,0.014750000089406967,-0.011699011316522956,-0.10945913694637276,0.21418358031953336,-0.03301235460278949,0.0008532968213006369,7.067899292141149e-17,empty,[],[],0,0.02025798708200449
2321,0.24043587781488895,0.014750000089406967,0.0030140328453853726,-0.12230772607741212,0.2070128710637706,-0.03301275246132153,0.0004045354227064407,-1.766974823035287e-17,empty,[],[],0,0.02043587900698185
2348,0.24059134535491467,-0.012749999761581421,-0.010214701993390918,-0.11091376867382667,0.21373467266661947,-0.00551241236720207,0.0015443828426461518,-2.760898160992636e-17,empty,[],[],0,0.020591346547007505
2373,0.2408190816640854,0.014750000089406967,-0.00815063389018178,-0.11281584557661238,0.21290361235754476,-0.03301247918501419,0.0025508366506629293,-5.742668174864683e-17,empty,[],[],0,0.020819082856178256
2375,0.2408762089908123,-0.012749999761581421,0.0013740926515311003,-0.12110607992564365,0.2082121641916568,-0.005512733739371266,0.0016285075154369457,-1.3252311172764653e-17,empty,[],[],0,0.02087621018290517
2415,0.24124265648424625,-0.012749999761581421,-0.00822349003283307,-0.11296492538481782,0.21330819007824842,-0.005512500866316312,0.0021629980491375974,1.9547158979827864e-16,empty,[],[],0,0.02124265767633912
2460,0.24162515997886658,0.014750000089406967,-0.009924695477820933,-0.11167858565040308,0.21448591973177092,-0.03301247693257306,0.0008680377064157591,0.0,empty,[],[],0,0.021625161170959445
2490,0.24189396761357784,-0.012749999761581421,-0.006232278072275221,-0.11501608209580898,0.21288170748987734,-0.0055125893654305504,0.002781613255629058,3.533949646070574e-17,empty,[],[],0,0.02189396880567071
2527,0.2421862557530403,0.014750000089406967,-0.006376318051479757,-0.1150352942806427,0.21320595176978233,-0.033012601514797756,0.0024598194668264714,1.3252311172764654e-16,empty,[],[],0,0.02218625694513321
2581,0.24254527874290943,-0.012749999761581421,-0.004241066111717373,-0.11706723880680012,0.21245522490150628,-0.005512677864544792,0.0034002284621205015,-2.8713340874323413e-17,empty,[],[],0,0.0225452799350023
2652,0.2429923340678215,0.014750000089406967,-0.00815037963911891,-0.1138980343544334,0.2147882591440085,-0.033012599262356626,0.0007770205225793164,-4.8591807633470396e-17,empty,[],[],0,0.02299233525991437
2681,0.24319658987224102,-0.012749999761581421,-0.002249854151159525,-0.11911839551779127,0.2120287423131352,-0.005512766363659034,0.0036831719369399586,-9.93923337957349e-18,empty,[],[],0,0.023196591064333888
2696,0.24331852048635483,0.014750000089406967,-0.004531665472313762,-0.11719879198000197,0.21326954623991837,-0.03301271272101314,0.002601183348675196,0.0,empty,[],[],0,0.023318521678447696
2711,0.24343597516417503,0.014750000089406967,-0.004566833842545748,-0.1172267674823375,0.2133889187109691,-0.033012718282797233,0.0024849928158326142,4.638308910467629e-17,empty,[],[],0,0.023435976356267874
2714,0.2434396855533123,0.014750000089406967,0.0008892205078154802,-0.1219604286244872,0.21067580334084185,-0.03301286238143377,0.0008163589728959426,-9.276617820935258e-17,empty,[],[],0,0.02343968674540517
2724,0.2435308713465929,0.014750000089406967,0.0009550632676109672,-0.12206292882893074,0.21072210480903497,-0.033012869155868076,0.0007146910277609544,2.208718528794109e-17,empty,[],[],0,0.0235308725386858
2727,0.24355342984199524,0.014750000089406967,-0.004602002212777734,-0.11725474298467303,0.2135082911820199,-0.03301272384458132,0.0023688022829900313,-6.626155586382327e-17,empty,[],[],0,0.023553431034088107
2733,0.24359088763594627,0.014750000089406967,0.0006347736343741417,-0.12181503417637514,0.21093361283572598,-0.03301286402466085,0.0009662761852417746,-1.1485336349729365e-16,empty,[],[],0,0.02359088882803917
2745,0.24373688735067844,0.014750000089406967,0.0009838446276262403,-0.12219045617972582,0.21088644511229465,-0.03301288129716129,0.00059008093416301,-7.50964299789997e-17,empty,[],[],0,0.02373688854277134
2758,0.2438479010015726,-0.012749999761581421,-0.0002586421906016767,-0.12116955222878244,0.21160225972476415,-0.005512854862773274,0.0016248148520746266,1.4356670437161707e-17,empty,[],[],0,0.023847902193665504
2785,0.24435950815677643,0.014750000089406967,-0.006376063800416887,-0.11611748305846371,0.21509059855624607,-0.03301272159214019,0.0006860033387428653,7.951386703658792e-17,empty,[],[],0,0.024359509348869324
2868,0.24572668224573135,0.014750000089406967,-0.004601747961714864,-0.11833693176249403,0.21539293796848363,-0.03301284392192376,0.0005949861549064089,3.975693351829396e-17,empty,[],[],0,0.02572668343782425
2901,0.24616828188300133,-0.012749999761581421,-0.003882588993292302,-0.11918186782093004,0.21541883784624255,-0.005512887487061042,0.0006499570730125815,1.7007132671714637e-16,empty,[],[],0,0.026168283075094195
2918,0.2464228942990303,-0.012749999761581421,-0.004114818319067126,-0.1191072252753766,0.21575526975982412,-0.005512895429582833,0.00030797262578058805,1.137490042328966e-16,empty,[],[],0,0.02642289549112317
2944,0.24681959301233292,-0.012749999761581421,-0.0018913770327344537,-0.1212330245319212,0.21499235525787147,-0.005512975986175282,0.0012182792692996376,-3.423513719630869e-17,empty,[],[],0,0.026819594204425784
2955,0.24697640165686607,0.014750000089406967,-0.0027922637527808547,-0.12052840496418882,0.21557590490967043,-0.03301296068992324,0.0006093393835484475,6.405283733502916e-17,empty,[],[],0,0.02697640284895894
2961,0.2470742054283619,-0.012749999761581421,-0.002123606358509278,-0.12115838198636773,0.21532878717145304,-0.005512983928697073,0.0008866083536716994,1.2147951908367599e-17,empty,[],[],0,0.02707420662045476
2962,0.24709385633468628,0.014750000089406967,-0.0028274321230128407,-0.12055638046652435,0.2156952773807212,-0.033012966251707326,0.00049210065359761,-9.497489673814668e-17,empty,[],[],0,0.027093857526779147
2979,0.24732881784439087,-0.012749999761581421,-0.002355835684284102,-0.12108373944081427,0.21566521908503464,-0.0055129918712188645,0.0005510986380840852,-2.0209774538466096e-16,empty,[],[],0,0.027328819036483765
2990,0.24758343026041985,-0.012749999761581421,-0.0025880650100589264,-0.1210090968952608,0.21600165099861618,-0.005512999813740656,0.00021558892249646936,-9.93923337957349e-18,empty,[],[],0,0.027583431452512713
